--
-- Script was generated by Devart dbForge Studio for MySQL, Version 7.1.13.0
-- Product home page: http://www.devart.com/dbforge/mysql/studio
-- Script date 2020/6/30 8:58:24
-- Server version: 5.7.14-log
-- Client version: 4.1
--


-- 
-- Disable foreign keys
-- 
/*!40014 SET @OLD_FOREIGN_KEY_CHECKS=@@FOREIGN_KEY_CHECKS, FOREIGN_KEY_CHECKS=0 */;

-- 
-- Set SQL mode
-- 
/*!40101 SET @OLD_SQL_MODE=@@SQL_MODE, SQL_MODE='NO_AUTO_VALUE_ON_ZERO' */;

-- 
-- Set character set the client will use to send SQL statements to the server
--
SET NAMES 'utf8';

-- 
-- Set default database
--
USE tanhua;

--
-- Definition for table dt_album
--
DROP TABLE IF EXISTS dt_album;
CREATE TABLE dt_album (
  aid INT(11) NOT NULL AUTO_INCREMENT COMMENT '相册id',
  tid INT(11) DEFAULT NULL COMMENT '用户发表后的动态ID',
  uid INT(11) DEFAULT NULL COMMENT '用户id',
  type INT(11) DEFAULT 1 COMMENT '图片类型，1：发布动态时的图片',
  thum_img_path VARCHAR(255) DEFAULT NULL COMMENT '缩略图片地址',
  org_img_path VARCHAR(255) DEFAULT NULL COMMENT '原始图片地址',
  create_time DATETIME DEFAULT NULL COMMENT '上传时间',
  ishead INT(11) DEFAULT 0 COMMENT '是否是人像照片',
  PRIMARY KEY (aid)
)
ENGINE = MYISAM
AUTO_INCREMENT = 114
AVG_ROW_LENGTH = 111
CHARACTER SET latin1
COLLATE latin1_swedish_ci
COMMENT = '用户相册';

--
-- Definition for table dt_comments
--
DROP TABLE IF EXISTS dt_comments;
CREATE TABLE dt_comments (
  cid INT(11) NOT NULL AUTO_INCREMENT,
  parent_cid INT(11) DEFAULT NULL COMMENT '父评论id',
  tid INT(11) DEFAULT NULL COMMENT '朋友圈信息id',
  uid INT(11) DEFAULT NULL COMMENT '评论人',
  content VARCHAR(255) CHARACTER SET utf8 COLLATE utf8_general_ci DEFAULT NULL COMMENT '评论内容',
  star INT(11) DEFAULT NULL COMMENT '该评论点赞数',
  create_time DATETIME DEFAULT NULL COMMENT '发表时间',
  PRIMARY KEY (cid)
)
ENGINE = MYISAM
AUTO_INCREMENT = 50
AVG_ROW_LENGTH = 55
CHARACTER SET latin1
COLLATE latin1_swedish_ci
COMMENT = '朋友圈评论';

--
-- Definition for table dt_like  
--
DROP TABLE IF EXISTS dt_like;
CREATE TABLE dt_like (
  likeid INT(11) NOT NULL AUTO_INCREMENT,
  uid INT(11) DEFAULT NULL COMMENT '用户id',
  like_uid INT(11) DEFAULT NULL COMMENT '被喜欢的用户id',
  tid INT(11) DEFAULT 0 COMMENT '喜欢的朋友圈id,如果为null则表示喜欢该用户',
  type VARCHAR(255) DEFAULT NULL COMMENT '喜欢类型：like:喜欢 dislike:不喜欢',
  create_time DATETIME DEFAULT NULL COMMENT '时间',
  PRIMARY KEY (likeid)
)
ENGINE = MYISAM
AUTO_INCREMENT = 173
AVG_ROW_LENGTH = 46
CHARACTER SET latin1
COLLATE latin1_swedish_ci
COMMENT = '喜欢朋友圈的用户关系表';

--
-- Definition for table dt_question_result
--
DROP TABLE IF EXISTS dt_question_result;
CREATE TABLE dt_question_result (
  qrid INT(11) NOT NULL AUTO_INCREMENT,
  qid INT(11) DEFAULT NULL COMMENT '灵魂测试题主键值',
  question_ans VARCHAR(100) DEFAULT NULL COMMENT '该灵魂测试题所有题目答案组合字符串，不同的选择对应不同的解读',
  content VARCHAR(500) CHARACTER SET utf8 COLLATE utf8_general_ci DEFAULT NULL COMMENT '解读文字',
  extroversion INT(11) DEFAULT NULL COMMENT '外向得分，100分制',
  judgment INT(11) DEFAULT NULL COMMENT '判断力得分，100分制',
  abstract INT(11) DEFAULT NULL COMMENT '抽象能力得分，100分制',
  rational INT(11) DEFAULT NULL COMMENT '理性，100分制',
  PRIMARY KEY (qrid)
)
ENGINE = MYISAM
AUTO_INCREMENT = 11
AVG_ROW_LENGTH = 740
CHARACTER SET latin1
COLLATE latin1_swedish_ci
COMMENT = '评测结果';

--
-- Definition for table dt_question_section
--
DROP TABLE IF EXISTS dt_question_section;
CREATE TABLE dt_question_section (
  qsid INT(11) NOT NULL AUTO_INCREMENT,
  qid INT(11) DEFAULT NULL COMMENT '测试题id',
  sortid INT(11) DEFAULT NULL COMMENT '题目编号',
  question_title VARCHAR(255) CHARACTER SET utf8 COLLATE utf8_general_ci DEFAULT NULL COMMENT '题干',
  ismultiple INT(11) DEFAULT 0 COMMENT '1：是多选题  0：单选题',
  status INT(11) DEFAULT 0 COMMENT '0:正常  1：删除',
  PRIMARY KEY (qsid)
)
ENGINE = MYISAM
AUTO_INCREMENT = 31
AVG_ROW_LENGTH = 110
CHARACTER SET latin1
COLLATE latin1_swedish_ci
COMMENT = '灵魂测试题题目';

--
-- Definition for table dt_question_user_ans
--
DROP TABLE IF EXISTS dt_question_user_ans;
CREATE TABLE dt_question_user_ans (
  uaid INT(11) NOT NULL AUTO_INCREMENT,
  uid INT(11) DEFAULT NULL COMMENT '用户id',
  qid INT(11) DEFAULT NULL COMMENT '灵魂测试题id',
  ans_str VARCHAR(100) DEFAULT NULL COMMENT '灵魂测试题所有题目答案组合字符串：如A,C,D,E,B',
  qrid INT(11) DEFAULT NULL COMMENT 'dt_question_result 评测结果表id',
  title VARCHAR(255) CHARACTER SET utf8 COLLATE utf8_general_ci DEFAULT NULL COMMENT '灵魂基因鉴定单名字',
  PRIMARY KEY (uaid)
)
ENGINE = MYISAM
AUTO_INCREMENT = 21
AVG_ROW_LENGTH = 72
CHARACTER SET latin1
COLLATE latin1_swedish_ci
COMMENT = '用户灵魂测试答案';

--
-- Definition for table dt_questions
--
DROP TABLE IF EXISTS dt_questions;
CREATE TABLE dt_questions (
  qid INT(11) NOT NULL DEFAULT 0,
  type VARCHAR(255) CHARACTER SET utf8 COLLATE utf8_general_ci DEFAULT NULL COMMENT '题目级别：初级，中级，高级',
  title VARCHAR(255) CHARACTER SET utf8 COLLATE utf8_general_ci DEFAULT NULL COMMENT '标题',
  star INT(11) DEFAULT NULL COMMENT '❤数',
  imgpath VARCHAR(255) DEFAULT NULL COMMENT '图片地址',
  status INT(11) DEFAULT 0 COMMENT '0:正常  1：删除',
  count INT(11) DEFAULT 0 COMMENT '本套测试题总题量',
  sort_no INT(11) DEFAULT 1 COMMENT '排序号，控制层层做题和解锁',
  PRIMARY KEY (qid)
)
ENGINE = MYISAM
AVG_ROW_LENGTH = 84
CHARACTER SET latin1
COLLATE latin1_swedish_ci
COMMENT = '灵魂测试题';

--
-- Definition for table dt_questions_section_ans
--
DROP TABLE IF EXISTS dt_questions_section_ans;
CREATE TABLE dt_questions_section_ans (
  aid INT(11) NOT NULL AUTO_INCREMENT,
  qsid INT(11) DEFAULT NULL COMMENT '问题题干编号',
  qid INT(11) DEFAULT NULL COMMENT '灵魂测试题id',
  ans_title VARCHAR(255) CHARACTER SET utf8 COLLATE utf8_general_ci DEFAULT NULL COMMENT '答案描述',
  ans_No VARCHAR(15) DEFAULT NULL COMMENT '答案选项标记，A,B,C等',
  status INT(11) DEFAULT NULL COMMENT '0:正常 1：删除',
  PRIMARY KEY (aid)
)
ENGINE = MYISAM
AUTO_INCREMENT = 21
AVG_ROW_LENGTH = 53
CHARACTER SET latin1
COLLATE latin1_swedish_ci
COMMENT = '测试题答案';

--
-- Definition for table dt_star
--
DROP TABLE IF EXISTS dt_star;
CREATE TABLE dt_star (
  sid INT(11) NOT NULL AUTO_INCREMENT,
  uid INT(11) DEFAULT NULL COMMENT '用户id',
  star_uid INT(11) DEFAULT NULL COMMENT '点赞用户id',
  type INT(11) DEFAULT 1 COMMENT '1: 表示对朋友圈进行点赞，tid字段 存放trends表的主键，2：表示对某个用户的评论点赞，tid字段存放coments表主键',
  tid INT(11) DEFAULT NULL COMMENT '动态表id或者评论表id',
  create_time DATETIME DEFAULT NULL COMMENT '点赞时间',
  PRIMARY KEY (sid)
)
ENGINE = MYISAM
AUTO_INCREMENT = 83
AVG_ROW_LENGTH = 29
CHARACTER SET latin1
COLLATE latin1_swedish_ci
COMMENT = '点赞关系表';

--
-- Definition for table dt_trends
--
DROP TABLE IF EXISTS dt_trends;
CREATE TABLE dt_trends (
  tid INT(11) NOT NULL AUTO_INCREMENT,
  uid INT(11) DEFAULT NULL COMMENT '用户id',
  content VARCHAR(2000) CHARACTER SET utf8 COLLATE utf8_general_ci DEFAULT NULL COMMENT '动态内容',
  star_count INT(11) DEFAULT 0 COMMENT '点赞数',
  comment_count INT(11) DEFAULT 0 COMMENT '评论数',
  like_count INT(11) DEFAULT 0 COMMENT '喜欢数',
  status INT(11) DEFAULT 0 COMMENT '0:正常 1：删除',
  create_time DATETIME DEFAULT NULL COMMENT '发布时间',
  lng DECIMAL(10, 5) DEFAULT NULL COMMENT '经度',
  lat DECIMAL(10, 5) DEFAULT NULL COMMENT '纬度',
  address VARCHAR(255) CHARACTER SET utf8 COLLATE utf8_general_ci DEFAULT NULL COMMENT '动态发布地址',
  PRIMARY KEY (tid)
)
ENGINE = MYISAM
AUTO_INCREMENT = 81
AVG_ROW_LENGTH = 237
CHARACTER SET latin1
COLLATE latin1_swedish_ci
COMMENT = '个人动态';

--
-- Definition for table dt_users
--
DROP TABLE IF EXISTS dt_users;
CREATE TABLE dt_users (
  id INT(10) NOT NULL AUTO_INCREMENT,
  vcode VARCHAR(100) DEFAULT NULL COMMENT '手机短信验证码',
  mobile VARCHAR(20) DEFAULT NULL COMMENT '用户手机号码',
  email VARCHAR(50) DEFAULT NULL COMMENT '邮箱',
  header VARCHAR(255) DEFAULT NULL COMMENT '头像地址',
  nick_name VARCHAR(100) DEFAULT NULL COMMENT '昵称',
  age INT(11) DEFAULT 20 COMMENT '年龄',
  gender VARCHAR(20) DEFAULT NULL COMMENT '性别，男 或者 女',
  birthday DATETIME DEFAULT NULL COMMENT '生日',
  city VARCHAR(255) DEFAULT NULL COMMENT '城市',
  address VARCHAR(255) DEFAULT NULL COMMENT '详细地址',
  xueli VARCHAR(255) DEFAULT '大专' COMMENT '学历',
  amount DECIMAL(9, 2) DEFAULT NULL COMMENT '余额',
  status TINYINT(3) DEFAULT NULL COMMENT '0：正常   1：停用  2：新注册',
  lng DECIMAL(10, 5) DEFAULT 0.00000 COMMENT '经度',
  lat DECIMAL(10, 5) DEFAULT 0.00000 COMMENT '纬度',
  Distance DECIMAL(15, 4) DEFAULT 0.0000 COMMENT '用户注册所在地离天河区珠吉路58号的距离，单位：米',
  login_time DATETIME DEFAULT NULL COMMENT '注册时间',
  marry VARCHAR(255) DEFAULT '单身' COMMENT '单身，已婚，离婚',
  guid VARCHAR(255) DEFAULT NULL COMMENT '用户的唯一标志',
  PRIMARY KEY (id)
)
ENGINE = MYISAM
AUTO_INCREMENT = 104
AVG_ROW_LENGTH = 5461
CHARACTER SET utf8
COLLATE utf8_general_ci;

--
-- Definition for table dt_visits
--
DROP TABLE IF EXISTS dt_visits;
CREATE TABLE dt_visits (
  vid INT(11) NOT NULL AUTO_INCREMENT COMMENT '来访人关系表主键',
  uid INT(11) DEFAULT NULL COMMENT '来访人id，dt_users表的主键',
  target_uid INT(11) DEFAULT NULL COMMENT '被访人id，dt_users表的主键',
  firstTime DATETIME DEFAULT NULL COMMENT '首次访问时间',
  vistitCount INT(11) DEFAULT 0 COMMENT '访问次数',
  lastTime DATETIME DEFAULT NULL COMMENT '最后访问时间',
  PRIMARY KEY (vid)
)
ENGINE = MYISAM
AUTO_INCREMENT = 511
AVG_ROW_LENGTH = 33
CHARACTER SET latin1
COLLATE latin1_swedish_ci
COMMENT = '来访人关系表';

-- 
-- Dumping data for table dt_album
--
INSERT INTO dt_album VALUES
(1, 1, 7, 1, '/upload/album/1_7_1.jpg', '/upload/album/1_7_1.jpg', '2019-11-11 15:31:41', 1),
(2, 1, 7, 1, '/upload/album/1_7_2.jpg', '/upload/album/1_7_2.jpg', '2019-11-11 15:31:41', 1),
(3, 2, 7, 1, '/upload/album/2_7_1.jpg', '/upload/album/2_7_1.jpg', '2019-11-11 15:31:41', 1),
(4, 2, 7, 1, '/upload/album/2_7_2.jpg', '/upload/album/2_7_2.jpg', '2019-11-11 15:31:41', 1),
(5, 2, 7, 1, '/upload/album/2_7_3.jpg', '/upload/album/2_7_3.jpg', '2019-11-11 15:31:41', 1),
(6, 3, 7, 1, '/upload/album/1_7_1.jpg', '/upload/album/1_7_1.jpg', '2019-11-11 15:31:41', 1),
(7, 4, 7, 1, '/upload/album/2_7_2.jpg', '/upload/album/2_7_2.jpg', '2019-11-11 15:31:41', 1),
(8, 5, 7, 1, '/upload/album/2_7_1.jpg', '/upload/album/2_7_1.jpg', '2019-11-11 15:31:41', 1),
(9, 6, 7, 1, '/upload/album/2_7_3.jpg', '/upload/album/2_7_3.jpg', '2019-11-11 15:31:41', 1),
(10, 7, 7, 1, '/upload/album/1_7_2.jpg', '/upload/album/1_7_2.jpg', '2019-11-11 15:31:41', 1),
(11, 8, 7, 1, '/upload/album/1_7_1.jpg', '/upload/album/1_7_1.jpg', '2019-11-11 15:31:41', 1),
(16, 16, 8, 1, '/upload/album/1_7_1.jpg', '/upload/album/13828459782/1574333709539_0.9668673169392359.png', '2019-12-06 12:34:08', 1),
(17, 16, 8, 1, '/upload/album/1_7_2.jpg', '/upload/album/13828459782/1574333709541_0.6643493373472942.png', '2019-12-06 12:34:09', 1),
(104, 61, 75, 1, '/upload/album/18665711111/1592555155881_0.6460311930801577.jpg', '/upload/album/18665711111/1592555155881_0.6460311930801577.jpg', '2020-06-19 16:25:56', 1),
(105, 62, 75, 1, '/upload/album/18665711111/1592555486292_0.9250628554697471.jpg', '/upload/album/18665711111/1592555486292_0.9250628554697471.jpg', '2020-06-19 16:31:26', 1),
(106, 67, 75, 1, '/upload/album/18665711111/1592556733046_0.9455860075674896.jpg', '/upload/album/18665711111/1592556733046_0.9455860075674896.jpg', '2020-06-19 16:52:13', 1),
(107, 68, 75, 1, '/upload/album/18665711111/1592653239337_0.9635151070983645.jpg', '/upload/album/18665711111/1592653239337_0.9635151070983645.jpg', '2020-06-20 19:40:39', 1),
(108, 76, 74, 1, '/upload/album/18665710000/1592655714297_0.03665752586682758.jpg', '/upload/album/18665710000/1592655714297_0.03665752586682758.jpg', '2020-06-20 20:21:54', 1),
(109, 77, 74, 1, '/upload/album/18665710000/1592656061030_0.22284434816065946.jpg', '/upload/album/18665710000/1592656061030_0.22284434816065946.jpg', '2020-06-20 20:27:41', 1),
(110, 78, 74, 1, '/upload/album/18665710000/1592658352501_0.5438011109227014.jpg', '/upload/album/18665710000/1592658352501_0.5438011109227014.jpg', '2020-06-20 21:05:52', 1),
(111, 79, 74, 1, '/upload/album/18665710000/1592710496647_0.16844392316468038.jpg', '/upload/album/18665710000/1592710496647_0.16844392316468038.jpg', '2020-06-21 11:34:56', 1),
(112, 79, 74, 1, '/upload/album/18665710000/1592710496647_0.7429933017030741.jpg', '/upload/album/18665710000/1592710496647_0.7429933017030741.jpg', '2020-06-21 11:34:56', 1),
(113, 80, 84, 1, '/upload/album/18665444444/1592901995435_0.14440495586775093.jpg', '/upload/album/18665444444/1592901995435_0.14440495586775093.jpg', '2020-06-23 16:46:35', 1);

-- 
-- Dumping data for table dt_comments
--
INSERT INTO dt_comments VALUES
(1, 0, 7, 13, '在家的地方', 61, '2019-11-15 16:06:09'),
(2, 0, 7, 13, '他乡容不下灵魂', 4, '2019-11-19 16:06:57'),
(3, 0, 7, 13, '谁能容下我这尊大可爱', 5, '2019-11-18 16:07:20'),
(4, 0, 7, 8, '中国那么大，欢迎来看看', 5, '2019-11-21 16:38:43'),
(5, 0, 8, 8, '中国那么大，欢迎来看看', 0, '2019-11-21 16:38:52'),
(6, 0, 8, 8, '中国那么大，欢迎来看看', 0, '2019-12-06 11:37:14'),
(7, 0, 1, 7, '大家都很赞同', 2, '2019-12-13 15:38:57'),
(8, 0, 1, 7, '大家都很赞同你', 2, '2019-12-13 15:41:03'),
(9, 0, 1, 7, '大家都很赞同你', 5, '2019-12-13 15:47:35'),
(10, 0, 1, 7, '自己给自己评论了', 4, '2019-12-13 15:49:28'),
(11, 0, 16, 7, '沙发', 0, '2019-12-13 15:49:56'),
(12, 0, 16, 7, '再来一个占位', 0, '2019-12-13 15:57:27'),
(42, 0, 1, 75, '有可能刚刚', 2, '2020-06-19 10:40:27'),
(43, 0, 1, 75, '有可能刚刚', 3, '2020-06-19 10:40:34'),
(44, 0, 1, 75, '犹太人', 5, '2020-06-19 10:42:45'),
(45, 0, 61, 75, '特点', 0, '2020-06-20 10:01:11'),
(46, 0, 61, 75, '好点的悲剧', 0, '2020-06-20 10:01:29'),
(47, 0, 1, 75, '谷歌付u', 1, '2020-06-20 10:22:32'),
(48, 0, 1, 75, 'iytfg', 0, '2020-06-20 10:24:44'),
(49, 0, 1, 75, '闺女一天大概', 0, '2020-06-20 10:34:23');

-- 
-- Dumping data for table dt_like
--
INSERT INTO dt_like VALUES
(12, 13, 8, 7, 'like', '2019-11-21 09:54:17'),
(157, 75, 75, 67, 'like', '2020-06-19 16:52:31'),
(15, 13, 8, 7, 'like', '2019-11-21 15:47:53'),
(152, 7, 75, 1, 'like', '2020-06-18 15:07:47'),
(156, 8, 75, 7, 'dislike', '2020-06-18 20:31:18'),
(158, 75, 75, 68, 'like', '2020-06-20 19:47:27'),
(159, 75, 75, 75, 'dislike', '2020-06-20 20:09:03'),
(160, 9, 83, 4, 'like', '2020-06-23 09:21:09'),
(171, 74, 1485, NULL, 'like', '2020-06-28 11:43:45'),
(169, 102, 84, 80, 'like', '2020-06-24 21:26:22'),
(165, 83, 9, NULL, 'like', '2020-06-23 15:50:12'),
(167, 83, 74, NULL, 'like', '2020-06-23 15:55:06'),
(168, 102, 74, 78, 'like', '2020-06-24 20:40:53'),
(170, 102, 7, 3, 'like', '2020-06-28 11:04:01'),
(172, 74, 83, NULL, 'like', '2020-06-28 11:44:58');

-- 
-- Dumping data for table dt_question_result
--
INSERT INTO dt_question_result VALUES
(1, 1, 'BAB', '感性动物，更加在乎恋爱中双方的感受。\r\n对生活有着相同的感触，也许经历不同，但你们都知道物质才是生活的基础，没有面包的爱情也许不会幸福；\r\n爱情中，希望得到彼此更多的爱。\r\n也许你都经历过生活的坎坷，所以你们都希望有一个安安稳稳的未来生活，两个孩子一只狗，一个温馨的家是你们的归属。\r\n希望在细节上给与对方最大的关怀，从生活的点点滴滴去珍爱对方。\r\n属于爱情中的”奉献者“，期望对方比自己更快乐。\r\n对生活有着更长远的打算，也许当下苦一点，并不会对你们造成多少伤害，你们期许的是一个更好的未来。\r\n在日常生活中，都知道自己想要什么不想要什么，所以很少会冲动消费。\r\n对命运这种事情，有着难得一致的认同感，都认为有些感情早已安排妥当，只是静静的等待我们去发现。\r\n对人对事对物，都可以极大程度的包容，这使你们未来沟通起来会更加顺畅。', 75, 90, 80, 88),
(2, 2, 'AAA', '你们有着对幸福的相同定义，更愿意脚踏实地的去创造丰厚优质的生活；\r\n你们对生活有着相同的感触，也许经历不同，但你们都知道物质才是生活的基础，没有面包的爱情也许不会幸福；\r\n你们都对生活有着极致的追求，属于宁缺毋滥型。\r\n你们都认为人生短暂，不能把酒言欢的生活都是在浪费时间；\r\n你们对命运这种事情，有着难得一致的认同感，都认为有些感情早已安排妥当，只是静静的等待我们去发现。', 80, 85, 79, 85),
(3, 3, 'BBBB', '你们都是感性动物，更加在乎恋爱中双方的感受。\r\n也许你们都经历过生活的坎坷，所以你们都希望有一个安安稳稳的未来生活，两个孩子一只狗，一个温馨的家是你们的归属。\r\n你们对生活有着更长远的打算，也许当下苦一点，并不会对你们造成多少伤害，你们期许的是一个更好的未来。\r\n你们都不相信所谓命运，爱情是自己争取的，它从来不会从天而降。', 82, 91, 89, 87),
(4, 1, 'AAA', '你们有着对幸福的相同定义，更愿意脚踏实地的去创造丰厚优质的生活；\r\n你们对生活有着相同的感触，也许经历不同，但你们都知道物质才是生活的基础，没有面包的爱情也许不会幸福；\r\n你们都对生活有着极致的追求，属于宁缺毋滥型。\r\n你们都认为人生短暂，不能把酒言欢的生活都是在浪费时间；\r\n你们对命运这种事情，有着难得一致的认同感，都认为有些感情早已安排妥当，只是静静的等待我们去发现。', 80, 85, 79, 85),
(5, 1, 'BBBB', '你们都是感性动物，更加在乎恋爱中双方的感受。\r\n也许你们都经历过生活的坎坷，所以你们都希望有一个安安稳稳的未来生活，两个孩子一只狗，一个温馨的家是你们的归属。\r\n你们对生活有着更长远的打算，也许当下苦一点，并不会对你们造成多少伤害，你们期许的是一个更好的未来。\r\n你们都不相信所谓命运，爱情是自己争取的，它从来不会从天而降。', 82, 91, 89, 87),
(6, 2, 'BAB', '感性动物，更加在乎恋爱中双方的感受。\r\n对生活有着相同的感触，也许经历不同，但你们都知道物质才是生活的基础，没有面包的爱情也许不会幸福；\r\n爱情中，希望得到彼此更多的爱。\r\n也许你都经历过生活的坎坷，所以你们都希望有一个安安稳稳的未来生活，两个孩子一只狗，一个温馨的家是你们的归属。\r\n希望在细节上给与对方最大的关怀，从生活的点点滴滴去珍爱对方。\r\n属于爱情中的”奉献者“，期望对方比自己更快乐。\r\n对生活有着更长远的打算，也许当下苦一点，并不会对你们造成多少伤害，你们期许的是一个更好的未来。\r\n在日常生活中，都知道自己想要什么不想要什么，所以很少会冲动消费。\r\n对命运这种事情，有着难得一致的认同感，都认为有些感情早已安排妥当，只是静静的等待我们去发现。\r\n对人对事对物，都可以极大程度的包容，这使你们未来沟通起来会更加顺畅。', 75, 90, 80, 88),
(8, 2, 'BBBB', '你们都是感性动物，更加在乎恋爱中双方的感受。\r\n也许你们都经历过生活的坎坷，所以你们都希望有一个安安稳稳的未来生活，两个孩子一只狗，一个温馨的家是你们的归属。\r\n你们对生活有着更长远的打算，也许当下苦一点，并不会对你们造成多少伤害，你们期许的是一个更好的未来。\r\n你们都不相信所谓命运，爱情是自己争取的，它从来不会从天而降。', 82, 91, 89, 87),
(9, 3, 'BAB', '感性动物，更加在乎恋爱中双方的感受。\r\n对生活有着相同的感触，也许经历不同，但你们都知道物质才是生活的基础，没有面包的爱情也许不会幸福；\r\n爱情中，希望得到彼此更多的爱。\r\n也许你都经历过生活的坎坷，所以你们都希望有一个安安稳稳的未来生活，两个孩子一只狗，一个温馨的家是你们的归属。\r\n希望在细节上给与对方最大的关怀，从生活的点点滴滴去珍爱对方。\r\n属于爱情中的”奉献者“，期望对方比自己更快乐。\r\n对生活有着更长远的打算，也许当下苦一点，并不会对你们造成多少伤害，你们期许的是一个更好的未来。\r\n在日常生活中，都知道自己想要什么不想要什么，所以很少会冲动消费。\r\n对命运这种事情，有着难得一致的认同感，都认为有些感情早已安排妥当，只是静静的等待我们去发现。\r\n对人对事对物，都可以极大程度的包容，这使你们未来沟通起来会更加顺畅。', 75, 90, 80, 88),
(10, 3, 'AAA', '你们有着对幸福的相同定义，更愿意脚踏实地的去创造丰厚优质的生活；\r\n你们对生活有着相同的感触，也许经历不同，但你们都知道物质才是生活的基础，没有面包的爱情也许不会幸福；\r\n你们都对生活有着极致的追求，属于宁缺毋滥型。\r\n你们都认为人生短暂，不能把酒言欢的生活都是在浪费时间；\r\n你们对命运这种事情，有着难得一致的认同感，都认为有些感情早已安排妥当，只是静静的等待我们去发现。', 80, 85, 79, 85);

-- 
-- Dumping data for table dt_question_section
--
INSERT INTO dt_question_section VALUES
(1, 1, 1, '未来生活的幸福指数，跟物质和精神哪个关系更大？', 0, 0),
(2, 1, 2, '如果遇到一个你爱的人，你能接受裸婚吗？', 0, 0),
(3, 1, 3, '我爱的人VS爱我的人，你会怎么选择？', 0, 0),
(4, 2, 1, '你更愿意尝试轰轰烈烈的人生，还是平平淡淡的小日子？', 0, 0),
(5, 2, 2, '在伴侣生日的时候，你更愿意为其精心准备一场热闹的生日party，还是烧一桌自己的拿手好菜？', 0, 0),
(6, 2, 3, '当自己的理想与另一半的理想冲突时，你更倾向于暂时搁置自己的理想支持对方，还是坚持自己的理想，说服对方和自己一起奋斗？', 0, 0),
(7, 3, 1, '如果你有一笔定向资金，只能选择投资自己，提升能力或者购买心仪许久的礼物，你会怎么选择？', 0, 0),
(8, 3, 2, '你对奢侈品的态度更倾向于哪一个？', 0, 0),
(9, 3, 3, '你相信命中注定吗？', 0, 0),
(10, 3, 4, '你认为人性本恶还是人性本善？', 0, 0);

-- 
-- Dumping data for table dt_question_user_ans
--
INSERT INTO dt_question_user_ans VALUES
(7, 8, 1, 'A,B,B', 1, '初级测试结果鉴定单'),
(9, 8, 2, 'A,B,B,B,B', 8, '中级测试结果鉴定单'),
(10, 8, 3, 'A,B,B,A,B', 3, '高级测试结果鉴定单'),
(11, 7, 1, 'A,B,A', 1, '初级测试结果鉴定单'),
(13, 7, 3, 'A,B,A', 10, '高级测试结果鉴定单'),
(12, 7, 2, 'A,B,A', 6, '中级测试结果鉴定单'),
(14, 35, 1, 'A,B,A', 4, '初级测试结果鉴定单'),
(15, 43, 1, 'A,B,B', 4, '初级测试结果鉴定单'),
(16, 56, 1, 'A,B,A', 5, '初级测试结果鉴定单'),
(17, 57, 1, 'A,B,A', 5, '初级测试结果鉴定单'),
(18, 58, 1, 'A,B,A,A,B', 1, '初级测试结果鉴定单'),
(19, 59, 1, 'A,B,A', 1, '初级测试结果鉴定单'),
(20, 61, 1, 'A,B,A', 1, '初级测试结果鉴定单');

-- 
-- Dumping data for table dt_questions
--
INSERT INTO dt_questions VALUES
(1, '初级', '初级灵魂题', 2, '/upload/questions/1.png', 0, 3, 1),
(2, '中级', '中级灵魂题', 3, '/upload/questions/2.png', 0, 3, 2),
(3, '高级', '高级灵魂题', 3, '/upload/questions/3.png', 0, 4, 3);

-- 
-- Dumping data for table dt_questions_section_ans
--
INSERT INTO dt_questions_section_ans VALUES
(1, 1, 1, '跟物质关系更大', 'A', 0),
(2, 1, 1, '跟精神关系更大', 'B', 0),
(3, 2, 1, '不能接受', 'A', 0),
(4, 2, 1, '能接受', 'B', 0),
(5, 3, 1, '我爱的人', 'A', 0),
(6, 3, 1, '爱我的人', 'B', 0),
(7, 4, 2, '轰轰烈烈', 'A', 0),
(8, 4, 2, '平平淡淡', 'B', 0),
(9, 5, 2, '精心准备的生日party', 'A', 0),
(10, 5, 2, '烧一桌拿手好菜', 'B', 0),
(11, 6, 2, '坚持自己', 'A', 0),
(12, 6, 2, '支持对方', 'B', 0),
(13, 7, 3, '购买心仪的礼物', 'A', 0),
(14, 7, 3, '投资自己，提升能力', 'B', 0),
(15, 8, 3, '对品质生活的追求', 'A', 0),
(16, 8, 3, '有炫耀成分，有点浪费', 'B', 0),
(17, 9, 3, '相信', 'A', 0),
(18, 9, 3, '不相信', 'B', 0),
(19, 10, 3, '人性本恶', 'A', 0),
(20, 10, 3, '人性本善', 'B', 0);

-- 
-- Dumping data for table dt_star
--
INSERT INTO dt_star VALUES
(4, 7, 8, 1, 3, '2019-12-06 15:15:43'),
(5, 7, 8, 1, 2, '2019-12-06 15:16:26'),
(6, 7, 9, 1, 16, '2019-12-06 15:17:26'),
(7, 7, 15, 1, 7, '2019-12-06 15:18:05'),
(34, 8, 7, 1, 16, '2019-12-18 11:54:15'),
(31, 8, 7, 1, 7, '2019-12-13 11:30:43'),
(49, 9, 7, 1, 4, '2020-02-14 15:02:10'),
(20, 9, 7, 1, 5, '2019-12-13 11:08:23'),
(30, 19, 7, 1, 8, '2019-12-13 11:30:34'),
(22, 12, 7, 1, 6, '2019-12-13 11:08:28'),
(23, 7, 7, 1, 1, '2019-12-13 11:08:58'),
(28, 7, 7, 1, 2, '2019-12-13 11:30:19'),
(26, 7, 7, 1, 3, '2019-12-13 11:09:43'),
(42, 8, 8, 1, 7, '2019-12-26 09:51:58'),
(70, 8, 75, 1, 16, '2020-06-18 14:48:28'),
(77, 7, 75, 1, 1, '2020-06-18 15:08:31'),
(82, 75, 75, 1, 67, '2020-06-19 16:52:28');

-- 
-- Dumping data for table dt_trends
--
INSERT INTO dt_trends VALUES
(1, 7, '其实有时候想想，一辈子要追求的东西太多了，而什么对我们最重要呢？我认为是健康。只有身体健健康了，我们才能全身心的去追求自己梦想的一切。', 13, 10, 3, 0, '2019-11-11 15:07:49', NULL, NULL, NULL),
(2, 7, '人生本来就是一件不容易的事情，不付出不努力什么都得不到。我们现在还年轻，有大把的机会和时间，好好奋斗吧，让未来的自己变得更好。', 1, 0, 1, 0, '2019-11-11 15:09:53', NULL, NULL, NULL),
(3, 7, '老婆给当程序员的老公打电话：“下班顺路买一斤包子带回来，如果看到卖西瓜的，买一个。”当晚，程序员老公手捧一个包子进了家门。老婆怒道：“你怎么就买了一个包子？！”老公答曰：“因为看到了卖西瓜的。”', 1, 0, 2, 0, '2019-11-11 15:19:12', NULL, NULL, NULL),
(4, 9, '某女：你能让论坛的人都吵起来，我今晚就跟你走。某软件工程师：PHP是最好的语言！某论坛炸锅了，各种吵架...。某女：服了你了，我们走吧，你想干啥都行。某软件工程师：今天不行，我一定要说服他们，PHP是最好的语言。', 1, 4, 2, 0, '2019-11-11 15:22:19', NULL, NULL, NULL),
(5, 9, '两程序员向同一个MM求爱，MM说：“去环游世界后再来找我！”码农A立即收拾行李出发。码农B绕MM一圈，然后说：“Hello world！”立即感动了MM。其实他只是习惯在做任何新事情前先确定Hello World能跑通而已。', 1, 1, 1, 0, '2019-11-11 15:26:11', NULL, NULL, NULL),
(6, 12, '你愿意尊重她，帮助她，关怀她，爱她一生一世吗？”，被问到这个问题的时候，程序员新郎有点慌，因为这个场景太熟悉了，又是需求还没明确好就把排期给定好了。', 1, 0, 1, 0, '2019-11-11 15:26:42', NULL, NULL, NULL),
(7, 8, '“我爱你”三个字，讲出来只要三秒钟，解释要三小时，证明却要一辈子。“bug”三个字母，发现需要三秒，找到需要三小时，debug却要一辈子。', 2, 1, 2, 0, '2019-11-11 15:27:53', NULL, NULL, NULL),
(8, 19, '洛阳亲友如相问，就说我在敲代码。', 1, 2, 1, 0, '2019-11-11 15:28:31', NULL, NULL, NULL),
(16, 8, '洛阳亲友如相问，就说我在敲代码呀呀呀', 2, 1, 1, 0, '2019-12-06 12:34:07', 112.00000, 23.00000, '广州'),
(61, 75, '护发素发红包', 0, 2, 0, 0, '2020-06-19 16:25:56', 113.42813, 23.12936, '广东省广州市天河区珠吉街道黑马程序员大楼津安创意园'),
(62, 75, '踢狗/{se}/{fadai}天花板', 0, 0, 0, 0, '2020-06-19 16:31:26', 113.42846, 23.12922, '广东省广州市天河区珠吉街道黑马程序员大楼津安创意园'),
(63, 75, '麻/{tiaopi}', 0, 0, 0, 0, '2020-06-19 16:38:10', 113.42846, 23.12922, '广东省广州市天河区珠吉街道黑马程序员大楼津安创意园'),
(64, 75, '功败垂成', 0, 0, 0, 0, '2020-06-19 16:39:59', 113.42846, 23.12922, '广东省广州市天河区珠吉街道黑马程序员大楼津安创意园'),
(65, 75, '法国发发发', 0, 0, 0, 0, '2020-06-19 16:41:00', 113.42846, 23.12922, '广东省广州市天河区珠吉街道吉山西新村新街津安创意园'),
(67, 75, '听歌/{deyi}/{fadai}/{se}', 1, 0, 1, 0, '2020-06-19 16:52:13', 113.42813, 23.12936, '广东省广州市天河区珠吉街道黑马程序员大楼津安创意园'),
(68, 75, '感觉那边/{liulei}', 0, 0, 1, 0, '2020-06-20 19:40:39', 113.42853, 23.12884, '广东省广州市天河区珠吉街道'),
(69, 75, '给发红包/{weixiao}', 0, 0, 0, 0, '2020-06-20 19:43:33', 113.42845, 23.12879, '广东省广州市天河区珠吉街道'),
(72, 75, '图好好干/{ziya}/{fanu}/{fanu}/{ganga}', 0, 0, 0, 0, '2020-06-20 20:00:29', 113.42845, 23.12879, '广东省广州市天河区珠吉街道'),
(75, 75, '火锅发货/{deyi}/{fadai}/{se}', 0, 0, 0, 0, '2020-06-20 20:05:59', 113.42845, 23.12879, '广东省广州市天河区珠吉街道'),
(76, 74, '那个费用/{fadai}', 0, 0, 1, 0, '2020-06-20 20:21:54', 113.42845, 23.12879, '广东省广州市天河区珠吉街道'),
(78, 74, '广东人以后/{fadai}/{fanu}/{aoman}/{kun}/{kun}/{liuhan}/{liuhan}/{jinkong}/{aoman}', 0, 0, 1, 0, '2020-06-20 21:05:52', 113.42853, 23.12884, '广东省广州市天河区珠吉街道'),
(79, 74, '覆活vdt/{liulei}/{tiaopi}/{yukuai}/{yiwen}/{liuhan}回复可能/{deyi}/{jinya}', 0, 0, 0, 0, '2020-06-21 11:34:56', 113.42842, 23.12886, '广东省广州市天河区珠吉街道'),
(80, 84, '白镜额度vo/{fadai}', 0, 0, 1, 0, '2020-06-23 16:46:35', 113.42846, 23.12922, '广东省广州市天河区珠吉街道');

-- 
-- Dumping data for table dt_users
--
INSERT INTO dt_users VALUES
(8, '888888', '13828459782', NULL, '/upload/13828459782.png', '雾霭朦胧', 21, '女', '1997-08-03 00:00:00', '广州市', '广州市天河区珠吉路58号', '大专', NULL, 0, 113.42782, 23.12933, 0.0000, '2020-06-12 11:10:22', '未婚', NULL),
(7, '888888', '18665711978', NULL, '/upload/18665711978.png', '一叶知秋', 23, '男', '1995-03-08 00:00:00', '广州', '广州市天河区珠吉路58号', '本科', NULL, 0, 113.42782, 23.12933, 0.0000, '2020-06-23 16:38:26', '单身', '186657119781591501526289'),
(9, '888888', '13828459783', NULL, '/upload/13828459783.jpg', '醉挽清风', 18, '女', '2000-11-09 10:35:15', '广州', '广州市天河区珠吉路50号', '本科', NULL, 0, 113.42751, 23.12248, 763.2000, '2019-11-08 20:19:47', '单身', '186657119781592819182593'),
(12, '888888', '13828459784', NULL, '/upload/13828459784.jpg', '素衣清颜淡若尘', 28, '女', '1990-01-09 10:35:15', '广州', '广州市白云区火车站', '大专', NULL, 0, 113.26697, 23.18435, 17565.5000, '2019-11-08 20:19:47', '单身', '138284597841592819198111'),
(13, '888888', '13828459785', NULL, '/upload/13828459785.jpg', '夜雨微澜', 20, '女', '1998-02-06 10:35:15', '广州', '广州市天河区学院220号', '大专', NULL, 0, 113.31483, 23.16240, 12137.3000, '2019-11-08 20:19:47', '单身', '138284597851592819210478'),
(14, '888888', '13828459786', NULL, '/upload/13828459786.jpg', '墨玲珑', 19, '女', '1999-11-09 10:35:15', '广州', '广州市天河区上社230号', '本科', NULL, 0, 113.36863, 23.13432, 6084.7000, '2019-12-26 09:45:37', '单身', '138284597861592819219887'),
(15, '888888', '13828459787', NULL, '/upload/13828459787.jpg', '镜湖月', 25, '女', '1993-07-07 10:35:15', '广州', '广州市天河区体育西路111号', '大专', NULL, 0, 113.32150, 23.13343, 10893.6000, '2019-11-08 20:19:47', '单身', '138284597871592819229533'),
(16, '888888', '13828459788', NULL, '/upload/13828459788.jpg', '若只如初见っ', 23, '女', '1995-06-08 00:00:00', '广州', '广州市天河区珠吉路520号', '大专', NULL, 0, 113.42749, 23.13152, 246.1000, '2019-11-08 20:19:47', '单身', '138284597881592819239721'),
(17, '888888', '18665711971', NULL, '/upload/18665711971.png', '丶小豆豆', 20, '男', '1998-02-06 10:35:15', '广州', '广州市天河区学院220号', '大专', NULL, 0, 113.31483, 23.16240, 12137.3000, '2020-06-19 09:48:30', '单身', '186657119711592819249719'),
(18, '888888', '18665711972', NULL, '/upload/18665711972.png', '奈我何', 19, '男', '1999-11-09 10:35:15', '广州', '广州市天河区上社230号', '大专', NULL, 0, 113.36863, 23.13432, 6084.7000, '2019-11-08 20:19:47', '单身', '186657119721592819258264'),
(19, '888888', '18665711973', NULL, '/upload/18665711973.png', '潇湘夜雨', 25, '男', '1993-07-07 10:35:15', '广州', '广州市天河区体育西路111号', '大专', NULL, 0, 113.32150, 23.13343, 10893.6000, '2020-02-13 14:46:37', '单身', '186657119731592819279862'),
(20, '888888', '18665711974', NULL, '/upload/18665711974.png', '白了少年头。', 23, '男', '1995-06-08 00:00:00', '广州', '广州市天河区珠吉路520号', '大专', NULL, 0, 113.42749, 23.13152, 246.1000, '2019-11-08 20:19:47', '单身', '186657119741592819297878'),
(62, '888888', '15987612345', NULL, '/upload/18665711974.png', '潇湘夜雨2', 20, '男', NULL, NULL, NULL, '大专', NULL, 2, 0.00000, 0.00000, 0.0000, '2020-06-04 20:02:15', '单身', '159876123451592819084837'),
(63, '888888', '15915912345', NULL, '/upload/15915912345.jpg', '干不成', 20, '男', '2020-06-07 00:00:00', '广州', '广东省广州市天河区珠吉街道黑马程序员大楼津安创意园', '大专', NULL, 0, 113.42810, 23.12918, 32.9000, '2020-06-07 16:00:25', '单身', '159159123451591501526289'),
(64, '888888', '18665711122', NULL, '/upload/18665711122.jpg', '1122', 20, '男', '2014-06-24 00:00:00', '广州', '广东省广州市天河区珠吉街道吉山西新村新街35号津安创意园', '大专', NULL, 0, 113.42845, 23.12879, 88.2000, '2020-06-24 17:12:57', '单身', '186657111221592819120579'),
(65, '888888', '18665711933', NULL, NULL, NULL, 20, NULL, NULL, NULL, NULL, '大专', NULL, 2, 0.00000, 0.00000, 0.0000, '2020-06-06 12:13:19', '单身', '186657119331592819134433'),
(66, '888888', '18665715809', NULL, NULL, NULL, 20, NULL, NULL, NULL, NULL, '大专', NULL, 2, 0.00000, 0.00000, 0.0000, '2020-06-06 15:21:43', '单身', '186657158091592819145060'),
(67, '888888', '18665713254', NULL, NULL, NULL, 20, NULL, NULL, NULL, NULL, '大专', NULL, 2, 0.00000, 0.00000, 0.0000, '2020-06-06 15:25:18', '单身', '186657132541592819154848'),
(68, '888888', '15915912346', NULL, '/upload/15915912346.jpg', '衣服', 20, '男', '2020-06-09 00:00:00', '北京', '广东省广州市天河区珠吉街道珠村祠前横路7号', '大专', NULL, 0, 113.42264, 23.12211, 962.9000, '2020-06-10 17:08:15', '单身', '159159123461591515495983'),
(69, '888888', '15915912347', NULL, '/upload/15915912347.jpg', '挺好方法', 20, '男', '2020-06-10 00:00:00', '广州', '广东省广州市天河区珠吉街道吉山西新村新街36号津安创意园', '大专', NULL, 0, 113.42842, 23.12886, 80.8000, '2020-06-10 14:30:08', '单身', '159159123471591770608835'),
(70, '888888', '15915912311', NULL, '/upload/15915912311.jpg', '分分合合', 20, '男', '2020-06-10 00:00:00', '广州', '广东省广州市天河区珠吉街道吉山西新村新街36号津安创意园', '大专', NULL, 0, 113.42842, 23.12886, 80.8000, '2020-06-10 14:34:11', '单身', '159159123111591770851101'),
(71, '888888', '15915912348', NULL, '/upload/15915912348.jpg', '返回过分', 20, '男', '2020-06-10 00:00:00', '广州', '广东省广州市天河区珠吉街道吉山西新村新街36号津安创意园', '大专', NULL, 0, 113.42842, 23.12886, 80.8000, '2020-06-10 14:50:06', '单身', '159159123481591771806236'),
(72, '888888', '18665711888', NULL, '/upload/18665711888.jpg', '三个八', 20, '男', '2015-06-16 00:00:00', '广州', '广东省广州市天河区珠吉街道吉山西新村新街津安创意园', '大专', NULL, 0, 113.42846, 23.12922, 66.3000, '2020-06-17 08:10:34', '单身', '186657118881592276027349'),
(73, '888888', '18665711999', NULL, '/upload/18665711999.jpg', '三个九', 20, '男', '2015-06-16 00:00:00', '广州', '广东省广州市天河区珠吉街道吉山西新村新街津安创意园', '大专', NULL, 0, 113.42846, 23.12922, 66.3000, '2020-06-16 21:58:57', '单身', '186657119991592276147162'),
(74, '888888', '18665710000', NULL, '/upload/18665710000.jpg', '四个零', 20, '男', '2015-06-17 00:00:00', '广州', '广东省广州市天河区珠吉街道吉山西新村新街36号广州市天河区吉山幼儿园', '大专', NULL, 0, 113.42842, 23.12886, 80.8000, '2020-06-28 11:05:23', '单身', '186657100001592356670735'),
(75, '888888', '18665711111', NULL, '/upload/159342378739018665711111.jpg', '柜台机', 20, '女', '2010-06-17 00:00:00', '福州', '广东省广州市天河区珠吉街道吉山西新村新街36号津安创意园', '本科', NULL, 0, 113.42842, 23.12886, 80.8000, '2020-06-29 19:59:36', '已婚', '186657111111592361876530'),
(76, '888888', '18665736954', NULL, NULL, NULL, 20, NULL, NULL, NULL, NULL, '大专', NULL, 2, 0.00000, 0.00000, 0.0000, '2020-06-19 09:51:06', '单身', '186657369541592531327877'),
(77, '888888', '18665736984', NULL, NULL, NULL, 20, NULL, NULL, NULL, NULL, '大专', NULL, 2, 0.00000, 0.00000, 0.0000, '2020-06-19 09:55:35', '单身', '186657369841592531735442'),
(78, '888888', '18665725741', NULL, NULL, NULL, 20, NULL, NULL, NULL, NULL, '大专', NULL, 2, 0.00000, 0.00000, 0.0000, '2020-06-19 09:57:45', '单身', '186657257411592531865530'),
(79, '888888', '18665736552', NULL, NULL, NULL, 20, NULL, NULL, NULL, NULL, '大专', NULL, 2, 0.00000, 0.00000, 0.0000, '2020-06-19 10:09:06', '单身', '186657365521592532546053'),
(80, '888888', '18665365226', NULL, NULL, NULL, 20, NULL, NULL, NULL, NULL, '大专', NULL, 2, 0.00000, 0.00000, 0.0000, '2020-06-19 10:14:50', '单身', '186653652261592532890967'),
(81, '888888', '18665555555', NULL, '/upload/18665555555.jpg', '敷面膜个', 20, '男', '2014-06-22 00:00:00', '广州', '广东省广州市天河区珠吉街道东乔大道', '大专', NULL, 0, 113.42264, 23.12211, 962.9000, '2020-06-22 18:14:02', '单身', '186655555551592819420249'),
(82, '888888', '18665722222', NULL, '/upload/18665722222.jpg', '金额uj', 20, '男', '2014-06-22 00:00:00', '广州', '广东省广州市天河区珠吉街道珠村祠前横路7号', '大专', NULL, 0, 113.42264, 23.12211, 962.9000, '2020-06-22 18:34:23', '单身', '186657222221592820013434'),
(83, '888888', '18665333333', NULL, '/upload/18665333333.jpg', '33333', 20, '女', '2014-06-22 00:00:00', '广州', '广东省广州市天河区珠吉街道珠村祠前横路7号', '大专', NULL, 0, 113.42264, 23.12211, 962.9000, '2020-06-22 18:42:30', '单身', '186653333331592820509019'),
(84, '888888', '18665444444', NULL, '/upload/18665444444.jpg', '444444', 20, '男', '2015-06-22 00:00:00', '广州', '广东省广州市天河区珠吉街道珠村祠前横路7号', '大专', NULL, 0, 113.42264, 23.12211, 962.9000, '2020-06-23 21:45:58', '单身', '186654444441592820574632'),
(85, '888888', '18665755555', NULL, NULL, NULL, 20, NULL, NULL, NULL, NULL, '大专', NULL, 2, 0.00000, 0.00000, 0.0000, '2020-06-22 18:33:10', '单身', '186657555551592821990360'),
(86, '888888', '18665713333', NULL, NULL, NULL, 20, NULL, NULL, NULL, NULL, '大专', NULL, 2, 0.00000, 0.00000, 0.0000, '2020-06-23 16:42:24', '单身', '186657133331592901619402'),
(87, '888888', '18665744444', NULL, NULL, NULL, 20, NULL, NULL, NULL, NULL, '大专', NULL, 2, 0.00000, 0.00000, 0.0000, '2020-06-23 16:41:14', '单身', '186657444441592901674548'),
(88, '888888', '18665799999', NULL, NULL, NULL, 20, NULL, NULL, NULL, NULL, '大专', NULL, 2, 0.00000, 0.00000, 0.0000, '2020-06-24 10:54:56', '单身', '186657999991592901703422'),
(89, '888888', '18665715555', NULL, NULL, NULL, 20, NULL, NULL, NULL, NULL, '大专', NULL, 2, 0.00000, 0.00000, 0.0000, '2020-06-23 16:42:31', '单身', '186657155551592901751474'),
(90, '888888', '18665719999', NULL, NULL, NULL, 20, NULL, NULL, NULL, NULL, '大专', NULL, 2, 0.00000, 0.00000, 0.0000, '2020-06-24 10:55:40', '单身', '186657199991592901764558'),
(91, '888888', '18665788888', NULL, NULL, NULL, 20, NULL, NULL, NULL, NULL, '大专', NULL, 2, 0.00000, 0.00000, 0.0000, '2020-06-23 16:43:01', '单身', '186657888881592901781442'),
(92, '888888', '18665711112', NULL, '/upload/18665711112.jpg', '顾客ie', 20, '男', '2015-06-23 00:00:00', '广州', '广东省广州市天河区珠吉街道黑马程序员大楼津安创意园', '大专', NULL, 0, 113.42813, 23.12936, 32.1000, '2020-06-23 21:43:10', '单身', '186657111121592917204421'),
(93, '888888', '18665711113', NULL, '/upload/18665711113.jpg', '好得意', 20, '男', '2016-06-23 00:00:00', '广州', '广东省广州市天河区珠吉街道吉山西新村新街津安创意园', '大专', NULL, 0, 113.42813, 23.12936, 32.1000, '2020-06-23 21:41:56', '单身', '186657111131592917670933'),
(94, '888888', '18665711114', NULL, '/upload/18665711114.jpg', '忐忑', 20, '男', '2015-06-23 00:00:00', '广州', '广东省广州市天河区珠吉街道黑马程序员大楼津安创意园', '大专', NULL, 0, 113.42813, 23.12936, 32.1000, '2020-06-24 10:56:36', '单身', '186657111141592919859088'),
(95, '888888', '18665711115', NULL, '/upload/18665711115.jpg', '放假虐', 20, '男', '2015-06-23 00:00:00', '广州', '广东省广州市天河区珠吉街道黑马程序员大楼津安创意园', '大专', NULL, 0, 113.42813, 23.12936, 32.1000, '2020-06-23 21:47:02', '单身', '186657111151592920022606'),
(96, '888888', '18665711116', NULL, '/upload/18665711116.jpg', '1116', 20, '男', '2020-01-24 00:00:00', '广州', '广东省广州市天河区珠吉街道吉山西新村新街35号津安创意园', '大专', NULL, 0, 113.42845, 23.12879, 88.2000, '2020-06-24 11:07:10', '单身', '186657111161592967945056'),
(97, '888888', '18665711117', NULL, '/upload/18665711117.jpg', '推荐好点的', 20, '男', '2016-06-24 00:00:00', '广州', '广东省广州市天河区珠吉街道吉山西新村新街35号津安创意园', '大专', NULL, 0, 113.42845, 23.12879, 88.2000, '2020-06-24 15:01:26', '单身', '186657111171592981891313'),
(98, '888888', '18665711118', NULL, '/upload/18665711118.jpg', '感觉嗨翻天', 20, '男', '2014-06-24 00:00:00', '广州', '广东省广州市天河区珠吉街道吉山西新村新街35号津安创意园', '大专', NULL, 0, 113.42845, 23.12879, 88.2000, '2020-06-24 14:59:23', '单身', '186657111181592981963549'),
(99, '888888', '18665712221', NULL, '/upload/18665712221.jpg', '2221', 20, '男', '2014-06-24 00:00:00', '广州', '广东省广州市天河区珠吉街道吉山西新村新街35号津安创意园', '大专', NULL, 0, 113.42845, 23.12879, 88.2000, '2020-06-24 16:54:37', '单身', '186657122211592988877560'),
(100, '888888', '18665722223', NULL, '/upload/18665722223.jpg', '太远就几个', 20, '男', '2015-06-24 00:00:00', '广州', '广东省广州市天河区珠吉街道吉山西新村新街35号津安创意园', '大专', NULL, 0, 113.42845, 23.12879, 88.2000, '2020-06-24 16:55:28', '单身', '186657222231592988928359'),
(101, '888888', '18661111122', NULL, '/upload/18661111122.jpg', '11122', 20, '男', '2015-06-24 00:00:00', '广州', '广东省广州市天河区珠吉街道吉山西新村新街37号津安创意园', '大专', NULL, 0, 113.42853, 23.12884, 90.4000, '2020-06-24 17:15:51', '单身', '186611111221592990151547'),
(102, '888888', '18661111123', NULL, '/upload/18661111123.jpg', '11123', 20, '男', '2014-06-24 00:00:00', '广州', '广东省广州市天河区珠吉街道吉山西新村新街37号津安创意园', '大专', NULL, 0, 113.42853, 23.12884, 90.4000, '2020-06-26 11:24:56', '单身', '186611111231592990226862'),
(103, '888888', '18665711123', NULL, NULL, NULL, 20, NULL, NULL, NULL, NULL, '大专', NULL, 2, 0.00000, 0.00000, 0.0000, '2020-06-29 10:38:01', '单身', '186657111231593141532284');

-- 
-- Dumping data for table dt_visits
--
INSERT INTO dt_visits VALUES
(1, 7, 8, '2019-11-11 09:49:15', 1, '2019-11-11 09:49:20'),
(2, 17, 8, '2019-11-11 09:49:45', 1, '2019-11-11 09:49:48'),
(3, 18, 8, '2019-11-11 09:49:45', 1, '2019-11-11 09:49:48'),
(4, 19, 8, '2019-11-11 09:49:45', 1, '2019-11-11 09:49:48'),
(10, 8, 7, '2019-12-26 17:07:13', 1, '2019-12-26 17:07:13'),
(11, 8, 7, '2019-12-26 17:21:30', 1, '2019-12-26 17:21:30'),
(12, 8, 7, '2019-12-26 17:27:17', 1, '2019-12-26 17:27:17'),
(13, 8, 7, '2019-12-28 17:46:47', 1, '2019-12-28 17:46:47'),
(14, 8, 7, '2019-12-30 09:56:20', 1, '2019-12-30 09:56:20'),
(15, 8, 7, '2019-12-30 10:09:55', 1, '2019-12-30 10:09:55'),
(16, 8, 7, '2019-12-30 10:45:56', 1, '2019-12-30 10:45:56'),
(17, 8, 7, '2019-12-30 10:46:56', 1, '2019-12-30 10:46:56'),
(21, 7, 7, '2020-02-09 14:34:28', 1, '2020-02-09 14:34:28'),
(22, 7, 7, '2020-02-09 14:34:47', 1, '2020-02-09 14:34:47'),
(23, 7, 7, '2020-02-09 14:38:41', 1, '2020-02-09 14:38:41'),
(24, 7, 7, '2020-02-09 14:41:56', 1, '2020-02-09 14:41:56'),
(25, 7, 17, '2020-02-09 14:42:46', 1, '2020-02-09 14:42:46'),
(26, 7, 7, '2020-02-10 09:40:51', 1, '2020-02-10 09:40:51'),
(27, 7, 17, '2020-02-10 09:41:11', 1, '2020-02-10 09:41:11'),
(28, 7, 18, '2020-02-11 10:51:13', 1, '2020-02-11 10:51:13'),
(29, 7, 18, '2020-02-11 17:29:33', 1, '2020-02-11 17:29:33'),
(30, 7, 7, '2020-02-12 11:07:32', 1, '2020-02-12 11:07:32'),
(31, 7, 7, '2020-02-12 19:59:50', 1, '2020-02-12 19:59:50'),
(32, 7, 7, '2020-02-13 09:02:08', 1, '2020-02-13 09:02:08'),
(38, 7, 16, '2020-02-14 11:11:51', 1, '2020-02-14 11:11:51'),
(39, 7, 16, '2020-02-14 11:12:17', 1, '2020-02-14 11:12:17'),
(40, 7, 16, '2020-02-14 12:10:28', 1, '2020-02-14 12:10:28'),
(41, 7, 7, '2020-02-14 12:10:32', 1, '2020-02-14 12:10:32'),
(42, 7, 17, '2020-02-14 12:10:35', 1, '2020-02-14 12:10:35'),
(43, 7, 18, '2020-02-14 12:10:40', 1, '2020-02-14 12:10:40'),
(45, 7, 16, '2020-02-14 12:11:00', 1, '2020-02-14 12:11:00'),
(116, 7, 7, '2020-06-15 20:31:38', 1, '2020-06-15 20:31:38'),
(117, 7, 7, '2020-06-15 20:37:48', 1, '2020-06-15 20:37:48'),
(118, 7, 7, '2020-06-15 20:38:05', 1, '2020-06-15 20:38:05'),
(119, 7, 7, '2020-06-15 20:39:23', 1, '2020-06-15 20:39:23'),
(120, 7, 7, '2020-06-15 20:39:31', 1, '2020-06-15 20:39:31'),
(121, 7, 7, '2020-06-15 20:39:40', 1, '2020-06-15 20:39:40'),
(122, 7, 7, '2020-06-15 20:41:51', 1, '2020-06-15 20:41:51'),
(123, 7, 7, '2020-06-15 20:42:10', 1, '2020-06-15 20:42:10'),
(124, 7, 7, '2020-06-15 20:42:46', 1, '2020-06-15 20:42:46'),
(125, 7, 7, '2020-06-15 20:43:03', 1, '2020-06-15 20:43:03'),
(126, 7, 7, '2020-06-15 20:43:18', 1, '2020-06-15 20:43:18'),
(127, 7, 7, '2020-06-15 20:43:40', 1, '2020-06-15 20:43:40'),
(128, 7, 7, '2020-06-15 20:43:45', 1, '2020-06-15 20:43:45'),
(129, 7, 7, '2020-06-15 20:45:46', 1, '2020-06-15 20:45:46'),
(130, 7, 7, '2020-06-15 20:46:02', 1, '2020-06-15 20:46:02'),
(131, 7, 7, '2020-06-15 20:46:17', 1, '2020-06-15 20:46:17'),
(132, 7, 7, '2020-06-15 20:46:28', 1, '2020-06-15 20:46:28'),
(133, 7, 7, '2020-06-15 20:46:42', 1, '2020-06-15 20:46:42'),
(134, 7, 7, '2020-06-15 20:46:53', 1, '2020-06-15 20:46:53'),
(135, 7, 7, '2020-06-15 20:47:03', 1, '2020-06-15 20:47:03'),
(136, 7, 7, '2020-06-15 20:47:20', 1, '2020-06-15 20:47:20'),
(137, 7, 7, '2020-06-15 20:47:31', 1, '2020-06-15 20:47:31'),
(138, 7, 7, '2020-06-15 20:47:43', 1, '2020-06-15 20:47:43'),
(139, 7, 7, '2020-06-15 20:47:50', 1, '2020-06-15 20:47:50'),
(140, 7, 7, '2020-06-15 20:47:58', 1, '2020-06-15 20:47:58'),
(141, 7, 7, '2020-06-15 20:48:08', 1, '2020-06-15 20:48:08'),
(142, 7, 7, '2020-06-15 20:48:41', 1, '2020-06-15 20:48:41'),
(143, 7, 7, '2020-06-15 20:49:00', 1, '2020-06-15 20:49:00'),
(144, 7, 7, '2020-06-15 20:49:15', 1, '2020-06-15 20:49:15'),
(145, 7, 7, '2020-06-15 20:50:50', 1, '2020-06-15 20:50:50'),
(146, 7, 7, '2020-06-15 20:51:01', 1, '2020-06-15 20:51:01'),
(147, 7, 7, '2020-06-15 20:52:13', 1, '2020-06-15 20:52:13'),
(148, 7, 7, '2020-06-15 20:52:19', 1, '2020-06-15 20:52:19'),
(149, 7, 7, '2020-06-15 20:52:34', 1, '2020-06-15 20:52:34'),
(150, 7, 7, '2020-06-15 20:52:49', 1, '2020-06-15 20:52:49'),
(151, 7, 7, '2020-06-15 20:52:56', 1, '2020-06-15 20:52:56'),
(152, 7, 7, '2020-06-15 20:53:11', 1, '2020-06-15 20:53:11'),
(153, 7, 7, '2020-06-15 20:53:26', 1, '2020-06-15 20:53:26'),
(154, 7, 7, '2020-06-15 20:54:07', 1, '2020-06-15 20:54:07'),
(155, 7, 7, '2020-06-15 20:54:33', 1, '2020-06-15 20:54:33'),
(156, 7, 7, '2020-06-15 20:55:36', 1, '2020-06-15 20:55:36'),
(157, 7, 7, '2020-06-15 20:55:59', 1, '2020-06-15 20:55:59'),
(158, 7, 7, '2020-06-15 20:56:53', 1, '2020-06-15 20:56:53'),
(159, 7, 7, '2020-06-15 21:07:07', 1, '2020-06-15 21:07:07'),
(160, 7, 7, '2020-06-15 21:07:41', 1, '2020-06-15 21:07:41'),
(161, 7, 7, '2020-06-15 21:08:02', 1, '2020-06-15 21:08:02'),
(162, 7, 7, '2020-06-15 21:08:39', 1, '2020-06-15 21:08:39'),
(163, 7, 7, '2020-06-15 21:08:48', 1, '2020-06-15 21:08:48'),
(164, 7, 7, '2020-06-15 21:09:02', 1, '2020-06-15 21:09:02'),
(165, 7, 7, '2020-06-15 21:09:21', 1, '2020-06-15 21:09:21'),
(166, 7, 7, '2020-06-15 21:09:38', 1, '2020-06-15 21:09:38'),
(167, 7, 7, '2020-06-15 21:09:50', 1, '2020-06-15 21:09:50'),
(168, 7, 7, '2020-06-15 21:10:03', 1, '2020-06-15 21:10:03'),
(169, 7, 7, '2020-06-15 21:12:54', 1, '2020-06-15 21:12:54'),
(170, 7, 7, '2020-06-15 21:13:38', 1, '2020-06-15 21:13:38'),
(171, 7, 7, '2020-06-15 21:14:08', 1, '2020-06-15 21:14:08'),
(172, 7, 7, '2020-06-15 21:14:17', 1, '2020-06-15 21:14:17'),
(173, 7, 7, '2020-06-15 21:14:36', 1, '2020-06-15 21:14:36'),
(174, 7, 7, '2020-06-15 21:15:02', 1, '2020-06-15 21:15:02'),
(175, 7, 7, '2020-06-15 21:15:09', 1, '2020-06-15 21:15:09'),
(176, 7, 7, '2020-06-15 21:16:59', 1, '2020-06-15 21:16:59'),
(177, 7, 7, '2020-06-15 21:17:22', 1, '2020-06-15 21:17:22'),
(178, 7, 7, '2020-06-15 21:17:31', 1, '2020-06-15 21:17:31'),
(179, 7, 7, '2020-06-15 21:17:39', 1, '2020-06-15 21:17:39'),
(180, 7, 7, '2020-06-15 21:17:53', 1, '2020-06-15 21:17:53'),
(181, 7, 7, '2020-06-15 21:18:34', 1, '2020-06-15 21:18:34'),
(182, 7, 7, '2020-06-15 21:18:49', 1, '2020-06-15 21:18:49'),
(183, 7, 7, '2020-06-15 21:18:54', 1, '2020-06-15 21:18:54'),
(184, 7, 7, '2020-06-15 21:19:08', 1, '2020-06-15 21:19:08'),
(185, 7, 7, '2020-06-15 21:19:58', 1, '2020-06-15 21:19:58'),
(186, 7, 7, '2020-06-15 21:21:18', 1, '2020-06-15 21:21:18'),
(187, 7, 7, '2020-06-15 21:21:47', 1, '2020-06-15 21:21:47'),
(188, 7, 7, '2020-06-15 21:23:29', 1, '2020-06-15 21:23:29'),
(189, 7, 7, '2020-06-15 21:27:20', 1, '2020-06-15 21:27:20'),
(190, 7, 7, '2020-06-15 21:27:32', 1, '2020-06-15 21:27:32'),
(191, 7, 7, '2020-06-15 21:27:43', 1, '2020-06-15 21:27:43'),
(192, 7, 7, '2020-06-15 21:30:37', 1, '2020-06-15 21:30:37'),
(193, 7, 7, '2020-06-15 21:30:49', 1, '2020-06-15 21:30:49'),
(194, 7, 7, '2020-06-15 21:31:14', 1, '2020-06-15 21:31:14'),
(195, 7, 7, '2020-06-15 21:31:25', 1, '2020-06-15 21:31:25'),
(196, 7, 7, '2020-06-15 21:31:31', 1, '2020-06-15 21:31:31'),
(197, 7, 7, '2020-06-15 21:32:48', 1, '2020-06-15 21:32:48'),
(198, 7, 7, '2020-06-15 21:33:04', 1, '2020-06-15 21:33:04'),
(199, 7, 7, '2020-06-15 21:33:41', 1, '2020-06-15 21:33:41'),
(200, 7, 7, '2020-06-15 21:34:22', 1, '2020-06-15 21:34:22'),
(201, 7, 7, '2020-06-15 21:34:36', 1, '2020-06-15 21:34:36'),
(202, 7, 7, '2020-06-15 21:34:57', 1, '2020-06-15 21:34:57'),
(203, 7, 7, '2020-06-15 21:38:26', 1, '2020-06-15 21:38:26'),
(204, 7, 7, '2020-06-15 21:38:59', 1, '2020-06-15 21:38:59'),
(205, 7, 7, '2020-06-15 21:41:52', 1, '2020-06-15 21:41:52'),
(206, 7, 7, '2020-06-15 21:42:21', 1, '2020-06-15 21:42:21'),
(207, 7, 7, '2020-06-15 21:42:49', 1, '2020-06-15 21:42:49'),
(208, 7, 7, '2020-06-15 21:43:14', 1, '2020-06-15 21:43:14'),
(209, 7, 7, '2020-06-15 21:43:32', 1, '2020-06-15 21:43:32'),
(210, 7, 7, '2020-06-15 21:44:00', 1, '2020-06-15 21:44:00'),
(211, 7, 7, '2020-06-15 21:45:35', 1, '2020-06-15 21:45:35'),
(212, 7, 7, '2020-06-15 21:47:06', 1, '2020-06-15 21:47:06'),
(213, 7, 7, '2020-06-15 21:47:37', 1, '2020-06-15 21:47:37'),
(214, 7, 7, '2020-06-15 21:48:56', 1, '2020-06-15 21:48:56'),
(215, 7, 7, '2020-06-15 21:49:18', 1, '2020-06-15 21:49:18'),
(216, 7, 7, '2020-06-15 21:50:25', 1, '2020-06-15 21:50:25'),
(217, 7, 7, '2020-06-15 21:50:38', 1, '2020-06-15 21:50:38'),
(218, 7, 7, '2020-06-15 21:51:11', 1, '2020-06-15 21:51:11'),
(219, 7, 7, '2020-06-15 21:55:09', 1, '2020-06-15 21:55:09'),
(220, 7, 7, '2020-06-15 21:55:15', 1, '2020-06-15 21:55:15'),
(221, 7, 7, '2020-06-15 21:55:15', 1, '2020-06-15 21:55:15'),
(222, 7, 7, '2020-06-15 21:55:21', 1, '2020-06-15 21:55:21'),
(223, 7, 7, '2020-06-15 21:55:23', 1, '2020-06-15 21:55:23'),
(224, 7, 7, '2020-06-15 21:55:23', 1, '2020-06-15 21:55:23'),
(225, 7, 7, '2020-06-15 21:55:56', 1, '2020-06-15 21:55:56'),
(226, 7, 7, '2020-06-15 21:55:59', 1, '2020-06-15 21:55:59'),
(227, 7, 7, '2020-06-15 21:55:59', 1, '2020-06-15 21:55:59'),
(228, 7, 7, '2020-06-15 21:56:06', 1, '2020-06-15 21:56:06'),
(229, 7, 7, '2020-06-15 21:56:06', 1, '2020-06-15 21:56:06'),
(230, 7, 7, '2020-06-15 21:56:07', 1, '2020-06-15 21:56:07'),
(231, 7, 7, '2020-06-15 21:56:08', 1, '2020-06-15 21:56:08'),
(232, 7, 7, '2020-06-15 21:56:27', 1, '2020-06-15 21:56:27'),
(233, 7, 7, '2020-06-15 21:56:32', 1, '2020-06-15 21:56:32'),
(234, 7, 7, '2020-06-15 21:56:34', 1, '2020-06-15 21:56:34'),
(235, 7, 7, '2020-06-15 21:56:36', 1, '2020-06-15 21:56:36'),
(236, 7, 7, '2020-06-15 21:56:47', 1, '2020-06-15 21:56:47'),
(237, 7, 7, '2020-06-15 21:58:44', 1, '2020-06-15 21:58:44'),
(238, 7, 7, '2020-06-15 21:58:54', 1, '2020-06-15 21:58:54'),
(239, 7, 7, '2020-06-15 21:59:09', 1, '2020-06-15 21:59:09'),
(240, 7, 7, '2020-06-15 21:59:14', 1, '2020-06-15 21:59:14'),
(241, 7, 7, '2020-06-15 21:59:17', 1, '2020-06-15 21:59:17'),
(242, 7, 7, '2020-06-15 22:00:05', 1, '2020-06-15 22:00:05'),
(243, 7, 7, '2020-06-15 22:00:06', 1, '2020-06-15 22:00:06'),
(244, 7, 7, '2020-06-15 22:00:07', 1, '2020-06-15 22:00:07'),
(245, 7, 7, '2020-06-15 22:00:20', 1, '2020-06-15 22:00:20'),
(246, 7, 7, '2020-06-15 22:00:29', 1, '2020-06-15 22:00:29'),
(247, 7, 7, '2020-06-15 22:00:33', 1, '2020-06-15 22:00:33'),
(248, 7, 7, '2020-06-15 22:06:03', 1, '2020-06-15 22:06:03'),
(249, 7, 7, '2020-06-15 22:06:34', 1, '2020-06-15 22:06:34'),
(250, 7, 7, '2020-06-15 22:06:37', 1, '2020-06-15 22:06:37'),
(251, 7, 7, '2020-06-15 22:42:36', 1, '2020-06-15 22:42:36'),
(252, 7, 7, '2020-06-15 22:42:52', 1, '2020-06-15 22:42:52'),
(253, 7, 7, '2020-06-15 22:54:54', 1, '2020-06-15 22:54:54'),
(254, 7, 7, '2020-06-15 22:54:57', 1, '2020-06-15 22:54:57'),
(255, 7, 7, '2020-06-15 22:55:58', 1, '2020-06-15 22:55:58'),
(256, 7, 7, '2020-06-15 22:56:00', 1, '2020-06-15 22:56:00'),
(257, 7, 7, '2020-06-15 22:58:13', 1, '2020-06-15 22:58:13'),
(258, 7, 7, '2020-06-15 23:03:22', 1, '2020-06-15 23:03:22'),
(259, 7, 7, '2020-06-15 23:03:26', 1, '2020-06-15 23:03:26'),
(260, 7, 7, '2020-06-15 23:03:56', 1, '2020-06-15 23:03:56'),
(261, 7, 7, '2020-06-15 23:03:59', 1, '2020-06-15 23:03:59'),
(262, 7, 7, '2020-06-15 23:04:23', 1, '2020-06-15 23:04:23'),
(263, 7, 7, '2020-06-15 23:04:25', 1, '2020-06-15 23:04:25'),
(264, 7, 7, '2020-06-15 23:04:43', 1, '2020-06-15 23:04:43'),
(265, 7, 7, '2020-06-15 23:04:44', 1, '2020-06-15 23:04:44'),
(266, 7, 7, '2020-06-15 23:08:10', 1, '2020-06-15 23:08:10'),
(267, 7, 7, '2020-06-15 23:09:06', 1, '2020-06-15 23:09:06'),
(268, 7, 7, '2020-06-15 23:09:10', 1, '2020-06-15 23:09:10'),
(269, 7, 7, '2020-06-15 23:09:33', 1, '2020-06-15 23:09:33'),
(270, 7, 7, '2020-06-15 23:14:06', 1, '2020-06-15 23:14:06'),
(271, 7, 7, '2020-06-15 23:14:52', 1, '2020-06-15 23:14:52'),
(272, 7, 7, '2020-06-15 23:14:58', 1, '2020-06-15 23:14:58'),
(273, 7, 7, '2020-06-15 23:15:19', 1, '2020-06-15 23:15:19'),
(274, 7, 17, '2020-06-15 23:18:00', 1, '2020-06-15 23:18:00'),
(275, 7, 17, '2020-06-15 23:18:15', 1, '2020-06-15 23:18:15'),
(276, 7, 17, '2020-06-15 23:18:41', 1, '2020-06-15 23:18:41'),
(277, 7, 17, '2020-06-15 23:21:06', 1, '2020-06-15 23:21:06'),
(278, 7, 17, '2020-06-15 23:21:28', 1, '2020-06-15 23:21:28'),
(279, 7, 17, '2020-06-15 23:22:20', 1, '2020-06-15 23:22:20'),
(280, 7, 17, '2020-06-15 23:22:38', 1, '2020-06-15 23:22:38'),
(281, 7, 17, '2020-06-15 23:23:05', 1, '2020-06-15 23:23:05'),
(282, 7, 17, '2020-06-15 23:24:01', 1, '2020-06-15 23:24:01'),
(283, 7, 7, '2020-06-16 09:04:26', 1, '2020-06-16 09:04:26'),
(284, 7, 7, '2020-06-16 09:04:29', 1, '2020-06-16 09:04:29'),
(285, 7, 7, '2020-06-16 09:05:32', 1, '2020-06-16 09:05:32'),
(286, 7, 7, '2020-06-16 09:06:10', 1, '2020-06-16 09:06:10'),
(287, 7, 7, '2020-06-16 09:06:12', 1, '2020-06-16 09:06:12'),
(288, 7, 7, '2020-06-16 09:35:33', 1, '2020-06-16 09:35:33'),
(289, 7, 7, '2020-06-16 09:42:57', 1, '2020-06-16 09:42:57'),
(290, 7, 7, '2020-06-16 09:43:40', 1, '2020-06-16 09:43:40'),
(291, 7, 7, '2020-06-16 09:43:59', 1, '2020-06-16 09:43:59'),
(292, 7, 7, '2020-06-16 09:44:14', 1, '2020-06-16 09:44:14'),
(293, 7, 17, '2020-06-16 09:45:41', 1, '2020-06-16 09:45:41'),
(294, 7, 17, '2020-06-16 09:46:08', 1, '2020-06-16 09:46:08'),
(295, 7, 17, '2020-06-16 09:46:33', 1, '2020-06-16 09:46:33'),
(296, 7, 17, '2020-06-16 09:46:45', 1, '2020-06-16 09:46:45'),
(297, 7, 17, '2020-06-16 09:46:57', 1, '2020-06-16 09:46:57'),
(298, 7, 17, '2020-06-16 09:47:33', 1, '2020-06-16 09:47:33'),
(299, 7, 17, '2020-06-16 09:49:30', 1, '2020-06-16 09:49:30'),
(300, 7, 7, '2020-06-16 09:52:05', 1, '2020-06-16 09:52:05'),
(301, 7, 17, '2020-06-16 10:36:53', 1, '2020-06-16 10:36:53'),
(302, 7, 17, '2020-06-16 10:37:08', 1, '2020-06-16 10:37:08'),
(303, 7, 17, '2020-06-16 10:38:11', 1, '2020-06-16 10:38:11'),
(304, 7, 17, '2020-06-16 10:39:16', 1, '2020-06-16 10:39:16'),
(305, 7, 17, '2020-06-16 10:50:05', 1, '2020-06-16 10:50:05'),
(306, 7, 68, '2020-06-16 10:51:08', 1, '2020-06-16 10:51:08'),
(307, 7, 70, '2020-06-16 10:51:40', 1, '2020-06-16 10:51:40'),
(308, 73, 72, '2020-06-16 10:58:07', 1, '2020-06-16 10:58:07'),
(309, 73, 71, '2020-06-16 11:14:09', 1, '2020-06-16 11:14:09'),
(310, 73, 72, '2020-06-16 11:14:15', 1, '2020-06-16 11:14:15'),
(311, 73, 72, '2020-06-16 11:35:45', 1, '2020-06-16 11:35:45'),
(312, 73, 72, '2020-06-16 11:36:48', 1, '2020-06-16 11:36:48'),
(313, 73, 72, '2020-06-16 11:39:13', 1, '2020-06-16 11:39:13'),
(314, 73, 72, '2020-06-16 11:40:27', 1, '2020-06-16 11:40:27'),
(315, 73, 72, '2020-06-16 11:40:34', 1, '2020-06-16 11:40:34'),
(316, 73, 72, '2020-06-16 11:40:47', 1, '2020-06-16 11:40:47'),
(317, 73, 72, '2020-06-16 11:41:18', 1, '2020-06-16 11:41:18'),
(318, 73, 72, '2020-06-16 11:41:44', 1, '2020-06-16 11:41:44'),
(319, 73, 72, '2020-06-16 11:42:59', 1, '2020-06-16 11:42:59'),
(320, 73, 72, '2020-06-16 11:43:21', 1, '2020-06-16 11:43:21'),
(321, 73, 72, '2020-06-16 11:52:53', 1, '2020-06-16 11:52:53'),
(322, 73, 72, '2020-06-16 11:53:15', 1, '2020-06-16 11:53:15'),
(323, 73, 72, '2020-06-16 12:00:48', 1, '2020-06-16 12:00:48'),
(324, 73, 72, '2020-06-16 12:01:28', 1, '2020-06-16 12:01:28'),
(325, 73, 72, '2020-06-16 12:02:18', 1, '2020-06-16 12:02:18'),
(326, 72, 73, '2020-06-16 12:03:09', 1, '2020-06-16 12:03:09'),
(327, 72, 73, '2020-06-16 13:24:50', 1, '2020-06-16 13:24:50'),
(328, 7, 7, '2020-06-16 15:36:35', 1, '2020-06-16 15:36:35'),
(329, 7, 7, '2020-06-16 15:37:12', 1, '2020-06-16 15:37:12'),
(330, 7, 7, '2020-06-16 15:38:38', 1, '2020-06-16 15:38:38'),
(331, 7, 7, '2020-06-16 15:53:56', 1, '2020-06-16 15:53:56'),
(332, 7, 7, '2020-06-16 15:54:24', 1, '2020-06-16 15:54:24'),
(333, 7, 7, '2020-06-16 15:54:48', 1, '2020-06-16 15:54:48'),
(334, 7, 7, '2020-06-16 16:48:03', 1, '2020-06-16 16:48:03'),
(335, 7, 7, '2020-06-16 16:48:28', 1, '2020-06-16 16:48:28'),
(336, 7, 7, '2020-06-16 16:48:45', 1, '2020-06-16 16:48:45'),
(337, 7, 7, '2020-06-16 16:49:30', 1, '2020-06-16 16:49:30'),
(338, 7, 7, '2020-06-16 16:49:52', 1, '2020-06-16 16:49:52'),
(339, 7, 7, '2020-06-16 16:57:53', 1, '2020-06-16 16:57:53'),
(340, 7, 7, '2020-06-16 16:59:24', 1, '2020-06-16 16:59:24'),
(341, 7, 7, '2020-06-16 16:59:59', 1, '2020-06-16 16:59:59'),
(342, 7, 7, '2020-06-16 17:00:48', 1, '2020-06-16 17:00:48'),
(343, 7, 7, '2020-06-16 17:02:00', 1, '2020-06-16 17:02:00'),
(344, 7, 7, '2020-06-16 17:05:07', 1, '2020-06-16 17:05:07'),
(345, 7, 7, '2020-06-16 17:05:38', 1, '2020-06-16 17:05:38'),
(346, 7, 7, '2020-06-16 17:05:59', 1, '2020-06-16 17:05:59'),
(347, 7, 7, '2020-06-16 17:06:13', 1, '2020-06-16 17:06:13'),
(348, 7, 7, '2020-06-16 17:06:47', 1, '2020-06-16 17:06:47'),
(349, 7, 7, '2020-06-16 17:07:20', 1, '2020-06-16 17:07:20'),
(350, 7, 7, '2020-06-16 17:07:37', 1, '2020-06-16 17:07:37'),
(351, 7, 7, '2020-06-16 17:08:24', 1, '2020-06-16 17:08:24'),
(352, 7, 7, '2020-06-16 17:08:57', 1, '2020-06-16 17:08:57'),
(353, 7, 7, '2020-06-16 17:09:20', 1, '2020-06-16 17:09:20'),
(354, 7, 7, '2020-06-16 17:29:07', 1, '2020-06-16 17:29:07'),
(355, 7, 7, '2020-06-16 17:29:20', 1, '2020-06-16 17:29:20'),
(356, 7, 7, '2020-06-16 17:29:44', 1, '2020-06-16 17:29:44'),
(357, 7, 7, '2020-06-16 17:30:31', 1, '2020-06-16 17:30:31'),
(358, 7, 7, '2020-06-16 17:31:01', 1, '2020-06-16 17:31:01'),
(359, 7, 7, '2020-06-16 17:32:03', 1, '2020-06-16 17:32:03'),
(360, 7, 7, '2020-06-16 17:32:24', 1, '2020-06-16 17:32:24'),
(361, 7, 7, '2020-06-16 17:32:58', 1, '2020-06-16 17:32:58'),
(362, 7, 7, '2020-06-16 17:33:57', 1, '2020-06-16 17:33:57'),
(363, 7, 7, '2020-06-16 17:34:41', 1, '2020-06-16 17:34:41'),
(364, 7, 7, '2020-06-16 17:35:05', 1, '2020-06-16 17:35:05'),
(365, 7, 7, '2020-06-16 17:35:32', 1, '2020-06-16 17:35:32'),
(366, 7, 7, '2020-06-16 17:38:38', 1, '2020-06-16 17:38:38'),
(367, 7, 7, '2020-06-16 17:39:36', 1, '2020-06-16 17:39:36'),
(368, 7, 7, '2020-06-16 17:40:16', 1, '2020-06-16 17:40:16'),
(369, 7, 7, '2020-06-16 17:40:38', 1, '2020-06-16 17:40:38'),
(370, 7, 7, '2020-06-16 18:24:08', 1, '2020-06-16 18:24:08'),
(371, 7, 7, '2020-06-16 18:24:27', 1, '2020-06-16 18:24:27'),
(372, 7, 7, '2020-06-16 18:24:53', 1, '2020-06-16 18:24:53'),
(373, 7, 7, '2020-06-16 18:25:12', 1, '2020-06-16 18:25:12'),
(374, 7, 7, '2020-06-16 18:25:33', 1, '2020-06-16 18:25:33'),
(375, 7, 7, '2020-06-16 18:26:09', 1, '2020-06-16 18:26:09'),
(376, 7, 7, '2020-06-16 18:26:22', 1, '2020-06-16 18:26:22'),
(377, 7, 7, '2020-06-16 18:26:39', 1, '2020-06-16 18:26:39'),
(378, 7, 7, '2020-06-16 18:26:49', 1, '2020-06-16 18:26:49'),
(379, 7, 7, '2020-06-16 18:27:17', 1, '2020-06-16 18:27:17'),
(380, 7, 7, '2020-06-16 18:27:38', 1, '2020-06-16 18:27:38'),
(381, 7, 7, '2020-06-16 18:28:38', 1, '2020-06-16 18:28:38'),
(382, 7, 7, '2020-06-16 18:29:02', 1, '2020-06-16 18:29:02'),
(383, 7, 7, '2020-06-16 18:31:06', 1, '2020-06-16 18:31:06'),
(384, 7, 7, '2020-06-16 18:53:47', 1, '2020-06-16 18:53:47'),
(385, 7, 7, '2020-06-16 18:55:42', 1, '2020-06-16 18:55:42'),
(386, 7, 7, '2020-06-16 18:56:59', 1, '2020-06-16 18:56:59'),
(387, 7, 7, '2020-06-16 18:57:15', 1, '2020-06-16 18:57:15'),
(388, 7, 7, '2020-06-16 19:00:16', 1, '2020-06-16 19:00:16'),
(389, 7, 7, '2020-06-16 19:08:01', 1, '2020-06-16 19:08:01'),
(390, 7, 7, '2020-06-16 19:08:12', 1, '2020-06-16 19:08:12'),
(391, 7, 7, '2020-06-16 19:08:54', 1, '2020-06-16 19:08:54'),
(392, 7, 7, '2020-06-16 19:10:28', 1, '2020-06-16 19:10:28'),
(393, 7, 7, '2020-06-16 19:19:18', 1, '2020-06-16 19:19:18'),
(394, 7, 7, '2020-06-16 19:20:02', 1, '2020-06-16 19:20:02'),
(395, 7, 7, '2020-06-16 19:20:32', 1, '2020-06-16 19:20:32'),
(396, 7, 7, '2020-06-16 19:20:37', 1, '2020-06-16 19:20:37'),
(397, 7, 7, '2020-06-16 19:20:42', 1, '2020-06-16 19:20:42'),
(398, 7, 7, '2020-06-16 19:21:51', 1, '2020-06-16 19:21:51'),
(399, 7, 7, '2020-06-16 19:21:54', 1, '2020-06-16 19:21:54'),
(400, 7, 7, '2020-06-16 19:21:55', 1, '2020-06-16 19:21:55'),
(401, 7, 7, '2020-06-16 19:22:22', 1, '2020-06-16 19:22:22'),
(402, 7, 7, '2020-06-16 19:23:27', 1, '2020-06-16 19:23:27'),
(403, 7, 7, '2020-06-16 19:23:42', 1, '2020-06-16 19:23:42'),
(404, 7, 7, '2020-06-16 19:23:45', 1, '2020-06-16 19:23:45'),
(405, 7, 7, '2020-06-16 19:23:55', 1, '2020-06-16 19:23:55'),
(406, 73, 72, '2020-06-16 20:01:23', 1, '2020-06-16 20:01:23'),
(407, 73, 72, '2020-06-16 20:08:56', 1, '2020-06-16 20:08:56'),
(408, 72, 73, '2020-06-16 20:14:20', 1, '2020-06-16 20:14:20'),
(409, 73, 72, '2020-06-16 21:11:09', 1, '2020-06-16 21:11:09'),
(410, 73, 72, '2020-06-16 21:16:34', 1, '2020-06-16 21:16:34'),
(411, 73, 72, '2020-06-16 21:18:10', 1, '2020-06-16 21:18:10'),
(412, 73, 72, '2020-06-16 21:39:51', 1, '2020-06-16 21:39:51'),
(413, 73, 72, '2020-06-16 21:42:47', 1, '2020-06-16 21:42:47'),
(414, 72, 73, '2020-06-16 21:44:47', 1, '2020-06-16 21:44:47'),
(415, 73, 72, '2020-06-16 21:51:14', 1, '2020-06-16 21:51:14'),
(416, 72, 73, '2020-06-16 21:52:28', 1, '2020-06-16 21:52:28'),
(417, 72, 72, '2020-06-16 21:56:22', 1, '2020-06-16 21:56:22'),
(418, 72, 73, '2020-06-16 21:56:28', 1, '2020-06-16 21:56:28'),
(419, 73, 72, '2020-06-16 21:58:36', 1, '2020-06-16 21:58:36'),
(420, 73, 73, '2020-06-16 21:58:42', 1, '2020-06-16 21:58:42'),
(421, 73, 72, '2020-06-16 21:59:05', 1, '2020-06-16 21:59:05'),
(422, 72, 73, '2020-06-16 22:00:03', 1, '2020-06-16 22:00:03'),
(423, 72, 18, '2020-06-17 08:10:51', 1, '2020-06-17 08:10:51'),
(424, 72, 72, '2020-06-17 08:11:00', 1, '2020-06-17 08:11:00'),
(425, 72, 7, '2020-06-17 08:44:11', 1, '2020-06-17 08:44:11'),
(426, 72, 17, '2020-06-17 08:44:16', 1, '2020-06-17 08:44:16'),
(427, 72, 7, '2020-06-17 08:44:20', 1, '2020-06-17 08:44:20'),
(428, 72, 7, '2020-06-17 08:44:28', 1, '2020-06-17 08:44:28'),
(429, 72, 17, '2020-06-17 08:44:32', 1, '2020-06-17 08:44:32'),
(430, 72, 7, '2020-06-17 08:47:26', 1, '2020-06-17 08:47:26'),
(431, 72, 17, '2020-06-17 08:47:41', 1, '2020-06-17 08:47:41'),
(432, 72, 7, '2020-06-17 08:48:43', 1, '2020-06-17 08:48:43'),
(433, 72, 17, '2020-06-17 08:48:57', 1, '2020-06-17 08:48:57'),
(434, 72, 17, '2020-06-17 08:50:43', 1, '2020-06-17 08:50:43'),
(435, 72, 7, '2020-06-17 08:51:07', 1, '2020-06-17 08:51:07'),
(436, 72, 18, '2020-06-17 08:51:19', 1, '2020-06-17 08:51:19'),
(437, 72, 18, '2020-06-17 08:52:12', 1, '2020-06-17 08:52:12'),
(438, 72, 18, '2020-06-17 08:52:17', 1, '2020-06-17 08:52:17'),
(439, 72, 7, '2020-06-17 08:53:02', 1, '2020-06-17 08:53:02'),
(440, 72, 17, '2020-06-17 08:53:16', 1, '2020-06-17 08:53:16'),
(441, 72, 17, '2020-06-17 08:54:12', 1, '2020-06-17 08:54:12'),
(442, 72, 7, '2020-06-17 08:54:20', 1, '2020-06-17 08:54:20'),
(443, 74, 73, '2020-06-17 09:51:05', 1, '2020-06-17 09:51:05'),
(444, 74, 73, '2020-06-17 09:52:38', 1, '2020-06-17 09:52:38'),
(445, 75, 74, '2020-06-17 10:46:21', 1, '2020-06-17 10:46:21'),
(446, 74, 75, '2020-06-17 11:27:07', 1, '2020-06-17 11:27:07'),
(447, 75, 74, '2020-06-17 15:04:25', 1, '2020-06-17 15:04:25'),
(448, 75, 74, '2020-06-17 16:00:10', 1, '2020-06-17 16:00:10'),
(449, 75, 74, '2020-06-17 16:47:09', 1, '2020-06-17 16:47:09'),
(450, 75, 74, '2020-06-17 17:29:52', 1, '2020-06-17 17:29:52'),
(451, 75, 74, '2020-06-17 17:30:43', 1, '2020-06-17 17:30:43'),
(452, 75, 74, '2020-06-17 17:31:34', 1, '2020-06-17 17:31:34'),
(453, 75, 7, '2020-06-18 15:02:40', 1, '2020-06-18 15:02:40'),
(454, 75, 7, '2020-06-18 15:03:24', 1, '2020-06-18 15:03:24'),
(455, 75, 7, '2020-06-18 15:04:22', 1, '2020-06-18 15:04:22'),
(456, 75, 7, '2020-06-18 19:49:12', 1, '2020-06-18 19:49:12'),
(457, 75, 7, '2020-06-19 11:10:49', 1, '2020-06-19 11:10:49'),
(458, 74, 7, '2020-06-22 17:20:40', 1, '2020-06-22 17:20:40'),
(459, 74, 71, '2020-06-22 17:21:34', 1, '2020-06-22 17:21:34'),
(460, 74, 75, '2020-06-22 17:22:53', 1, '2020-06-22 17:22:53'),
(461, 74, 18, '2020-06-22 17:42:45', 1, '2020-06-22 17:42:45'),
(462, 74, 17, '2020-06-22 17:42:51', 1, '2020-06-22 17:42:51'),
(463, 74, 17, '2020-06-22 17:48:55', 1, '2020-06-22 17:48:55'),
(464, 74, 17, '2020-06-22 17:49:00', 1, '2020-06-22 17:49:00'),
(465, 74, 17, '2020-06-22 17:49:04', 1, '2020-06-22 17:49:04'),
(466, 74, 18, '2020-06-22 17:49:08', 1, '2020-06-22 17:49:08'),
(467, 82, 81, '2020-06-22 18:01:35', 1, '2020-06-22 18:01:35'),
(468, 81, 81, '2020-06-22 18:04:04', 1, '2020-06-22 18:04:04'),
(469, 81, 81, '2020-06-22 18:06:11', 1, '2020-06-22 18:06:11'),
(470, 81, 82, '2020-06-22 18:06:53', 1, '2020-06-22 18:06:53'),
(471, 83, 82, '2020-06-22 18:09:00', 1, '2020-06-22 18:09:00'),
(472, 84, 84, '2020-06-22 18:10:59', 1, '2020-06-22 18:10:59'),
(473, 81, 84, '2020-06-22 18:11:33', 1, '2020-06-22 18:11:33'),
(474, 81, 82, '2020-06-22 18:25:14', 1, '2020-06-22 18:25:14'),
(475, 82, 84, '2020-06-22 18:34:42', 1, '2020-06-22 18:34:42'),
(476, 84, 82, '2020-06-22 18:38:45', 1, '2020-06-22 18:38:45'),
(477, 83, 84, '2020-06-22 18:39:32', 1, '2020-06-22 18:39:32'),
(478, 84, 82, '2020-06-22 18:41:29', 1, '2020-06-22 18:41:29'),
(479, 83, 7, '2020-06-23 09:20:34', 1, '2020-06-23 09:20:34'),
(480, 83, 81, '2020-06-23 09:20:41', 1, '2020-06-23 09:20:41'),
(481, 83, 7, '2020-06-23 09:20:57', 1, '2020-06-23 09:20:57'),
(482, 83, 18, '2020-06-23 10:12:27', 1, '2020-06-23 10:12:27'),
(483, 83, 73, '2020-06-23 10:12:38', 1, '2020-06-23 10:12:38'),
(484, 83, 75, '2020-06-23 10:12:45', 1, '2020-06-23 10:12:45'),
(485, 83, 7, '2020-06-23 10:20:27', 1, '2020-06-23 10:20:27'),
(486, 93, 92, '2020-06-23 21:09:04', 1, '2020-06-23 21:09:04'),
(487, 92, 93, '2020-06-23 21:10:16', 1, '2020-06-23 21:10:16'),
(488, 92, 93, '2020-06-23 21:10:26', 1, '2020-06-23 21:10:26'),
(489, 92, 93, '2020-06-23 21:10:31', 1, '2020-06-23 21:10:31'),
(490, 93, 92, '2020-06-23 21:13:50', 1, '2020-06-23 21:13:50'),
(491, 93, 92, '2020-06-23 21:23:28', 1, '2020-06-23 21:23:28'),
(492, 92, 93, '2020-06-23 21:29:51', 1, '2020-06-23 21:29:51'),
(493, 93, 92, '2020-06-23 21:31:15', 1, '2020-06-23 21:31:15'),
(494, 92, 93, '2020-06-23 21:41:02', 1, '2020-06-23 21:41:02'),
(495, 93, 84, '2020-06-23 21:42:18', 1, '2020-06-23 21:42:18'),
(496, 93, 92, '2020-06-23 21:42:21', 1, '2020-06-23 21:42:21'),
(497, 94, 84, '2020-06-23 21:45:17', 1, '2020-06-23 21:45:17'),
(498, 95, 94, '2020-06-23 21:47:37', 1, '2020-06-23 21:47:37'),
(499, 98, 97, '2020-06-24 15:00:31', 1, '2020-06-24 15:00:31'),
(500, 97, 98, '2020-06-24 16:28:36', 1, '2020-06-24 16:28:36'),
(501, 97, 98, '2020-06-24 16:28:56', 1, '2020-06-24 16:28:56'),
(502, 97, 97, '2020-06-24 16:29:17', 1, '2020-06-24 16:29:17'),
(503, 97, 98, '2020-06-24 16:32:19', 1, '2020-06-24 16:32:19'),
(504, 97, 98, '2020-06-24 16:32:56', 1, '2020-06-24 16:32:56'),
(505, 100, 99, '2020-06-24 16:56:01', 1, '2020-06-24 16:56:01'),
(506, 100, 99, '2020-06-24 16:56:14', 1, '2020-06-24 16:56:14'),
(507, 102, 101, '2020-06-24 17:18:05', 1, '2020-06-24 17:18:05'),
(508, 102, 101, '2020-06-24 17:18:41', 1, '2020-06-24 17:18:41'),
(509, 102, 7, '2020-06-26 11:12:41', 1, '2020-06-26 11:12:41'),
(510, 102, 75, '2020-06-28 11:01:29', 1, '2020-06-28 11:01:29');

-- 
-- Restore previous SQL mode
-- 
/*!40101 SET SQL_MODE=@OLD_SQL_MODE */;

-- 
-- Enable foreign keys
-- 
/*!40014 SET FOREIGN_KEY_CHECKS=@OLD_FOREIGN_KEY_CHECKS */;